Name,Team,GS,IP,K%,BB%,BABIP,GB%,LD%,FB%,IFFB%,EV,ERA,xFIP,WAR,WHIP,AVG,SIERA,Soft%,Med%,Hard%,FB%,SL%,CT%,CB%,CH%,SF%,KN%,FBv,CHv,wFB/C,wSL/C,wCT/C,wCB/C,wCH/C,wSF/C,wKN/C,O-Swing%,Swing%,Contact%,Zone%,F-Strike%,SwStr%,playerid
Clayton Kershaw,Dodgers,135,895.1,29.40%,4.40%,0.269,48.70%,20.60%,30.80%,11.50%,86.9,2.38,2.75,25.9,0.93,0.206,2.94,20.90%,47.30%,31.90%,47.60%,35.00%,,16.80%,0.60%,,,92.3,86,0.98,1.99,,1.64,0.3,,,33.80%,51.10%,72.70%,47.70%,69.00%,13.90%,2036
Jacob deGrom,Mets,149,961.1,29.10%,5.80%,0.289,45.20%,21.50%,33.30%,11.50%,86.9,2.61,3.04,28,1.04,0.217,3.2,21.50%,49.40%,29.10%,55.30%,22.90%,,8.00%,13.80%,,,95.3,88,0.92,1.75,,0.4,1.74,,,35.20%,51.00%,73.30%,44.70%,65.30%,13.60%,10954
Max Scherzer,Nationals,158,1050.2,33.10%,5.50%,0.269,35.80%,18.80%,45.40%,12.70%,87,2.74,3.1,32.6,0.94,0.197,2.84,21.20%,49.20%,29.60%,52.60%,21.20%,4.10%,8.10%,13.90%,,,94.4,84.6,1.18,2.74,-0.8,-0.18,0.59,,,35.40%,52.30%,70.00%,48.00%,67.30%,15.70%,3137
Mike Soroka,Braves,34,200.1,20.00%,5.90%,0.289,50.20%,24.70%,25.10%,12.30%,88.3,2.79,3.82,4.6,1.15,0.241,4.26,18.30%,46.40%,35.30%,64.10%,24.00%,,,11.90%,,,92.5,81.4,1,1.14,,,1.66,,,33.50%,48.00%,78.50%,42.90%,62.90%,10.30%,18383
Hyun-Jin Ryu,Blue Jays,69,392.1,23.20%,5.30%,0.288,47.30%,22.90%,29.80%,8.80%,87,2.84,3.56,7.2,1.14,0.241,3.87,19.30%,45.50%,35.20%,39.00%,1.90%,19.80%,14.60%,24.80%,,,90.4,80.6,-0.42,-0.08,0.13,1.04,2.18,,,33.60%,46.80%,75.80%,40.80%,60.60%,11.30%,14444
Walker Buehler,Dodgers,53,318.2,28.80%,5.80%,0.27,45.80%,20.70%,33.50%,6.70%,88.6,2.85,3.28,8.2,0.99,0.205,3.4,18.00%,43.20%,38.80%,60.00%,13.80%,11.60%,12.80%,1.80%,,,96.4,90.3,1.4,1.8,1.16,-0.08,-3.79,,,33.40%,49.40%,76.40%,46.70%,64.90%,11.70%,19374
Rich Hill,Twins,86,465.1,29.30%,7.70%,0.265,41.80%,18.80%,39.40%,13.60%,87.2,2.92,3.55,10,1.05,0.203,3.45,21.00%,45.10%,33.90%,53.40%,5.00%,1.30%,39.10%,1.20%,0.10%,,89.6,83,1.13,-0.27,1.42,0.73,4.53,2.45,,29.00%,45.40%,76.00%,50.40%,63.00%,10.90%,4806
Justin Verlander,Astros,155,1004,29.60%,6.10%,0.257,33.30%,20.20%,46.50%,12.30%,87.8,2.94,3.62,25.7,0.98,0.202,3.33,18.60%,49.50%,31.80%,56.90%,21.80%,0.20%,15.90%,5.20%,,,94.4,85.9,1.04,1.67,-8.67,0.9,-1.06,,,34.10%,50.20%,74.40%,45.50%,64.60%,12.90%,8700
Zack Greinke,Astros,156,1000,23.60%,5.00%,0.269,46.20%,20.40%,33.40%,9.00%,87.6,2.99,3.52,20.7,1.04,0.223,3.66,18.90%,47.10%,34.00%,48.50%,19.10%,,12.40%,20.10%,,,90.7,87.5,0.15,0.91,,1.91,2.3,,,34.60%,46.70%,75.90%,39.80%,65.60%,11.30%,1943
Corey Kluber,Rangers,133,891.1,28.20%,5.30%,0.283,43.70%,21.40%,34.90%,8.50%,87.1,3.07,3.12,23.8,1.02,0.218,3.17,19.00%,50.60%,30.40%,46.70%,,26.40%,21.30%,5.70%,,,92.5,85.3,-0.59,,1.66,3.59,1.2,,,35.10%,49.00%,73.10%,44.70%,63.40%,13.20%,2429
Gerrit Cole,Yankees,151,939.2,28.90%,6.50%,0.301,43.40%,21.80%,34.70%,10.50%,87.8,3.15,3.23,24.4,1.11,0.226,3.32,20.80%,48.20%,31.10%,60.30%,20.10%,,13.30%,6.40%,,,96.2,88.4,1.05,0.71,,-0.15,0.02,,,31.40%,48.40%,74.90%,46.70%,62.80%,12.10%,13125
Madison Bumgarner,Diamondbacks,138,893.1,24.80%,5.50%,0.277,39.90%,21.10%,39.00%,10.10%,88.7,3.2,3.77,15.4,1.08,0.227,3.68,17.60%,46.80%,35.60%,44.70%,33.40%,,17.50%,4.40%,,,91.3,83.7,0.17,1.15,,1.24,0.09,,,33.60%,49.10%,77.00%,44.20%,65.90%,11.30%,5524
Jack Flaherty,Cardinals,66,367.2,29.30%,8.40%,0.254,41.10%,21.60%,37.20%,12.70%,86.6,3.21,3.66,7,1.06,0.199,3.69,21.20%,42.10%,36.70%,57.00%,28.30%,,11.80%,3.00%,,,93.3,86.2,1.21,1.62,,-0.18,-3.01,,,31.40%,47.00%,71.10%,42.60%,59.30%,13.60%,17479
Kyle Hendricks,Cubs,149,883.2,21.50%,5.60%,0.279,47.50%,21.70%,30.80%,9.40%,86.5,3.21,3.74,17.5,1.12,0.235,3.91,21.60%,49.20%,29.20%,64.30%,,0.90%,8.10%,26.80%,,,87.2,79.2,0.51,,-3.1,-0.51,1.4,,,32.30%,44.40%,79.20%,42.80%,65.30%,9.20%,12049
Chris Sale,Red Sox,147,955,33.10%,5.20%,0.299,41.60%,20.90%,37.40%,10.50%,87.1,3.21,2.85,28.3,1.01,0.214,2.77,19.70%,50.60%,29.70%,51.90%,29.40%,,0.00%,18.70%,,,93.9,86.1,0.71,1.05,,-0.52,1.42,,,35.10%,48.80%,71.20%,45.80%,65.80%,14.10%,10603
Blake Snell,Rays,97,506,28.00%,10.20%,0.294,41.80%,21.50%,36.70%,10.30%,87.3,3.24,3.76,11,1.24,0.221,3.94,19.20%,46.90%,33.90%,52.90%,10.30%,,17.10%,19.70%,,,94.9,86.5,0.22,-0.02,,1.37,1.24,,,32.50%,44.90%,69.40%,38.60%,58.60%,13.80%,13543
Jake Arrieta,Phillies,149,903,22.70%,7.80%,0.271,51.50%,20.70%,27.70%,8.40%,87.1,3.24,3.68,16,1.15,0.223,3.9,20.30%,51.70%,28.00%,58.30%,,20.10%,13.20%,8.50%,,,93.3,88,0.84,,0.45,-0.06,0.18,,,30.40%,45.10%,79.50%,45.00%,59.70%,9.30%,4153
Carlos Martinez,Cardinals,110,675.1,23.60%,8.70%,0.296,53.40%,18.90%,27.70%,8.00%,87,3.28,3.69,11.5,1.26,0.235,3.85,20.00%,49.10%,31.00%,55.10%,23.20%,2.80%,2.40%,16.60%,,,95.3,87.1,0.26,1.15,0.96,0.04,0.23,,,30.70%,46.70%,78.10%,46.90%,61.30%,10.20%,11682
Stephen Strasburg,Nationals,130,789.1,29.60%,6.60%,0.29,45.30%,21.00%,33.70%,9.40%,88,3.28,3.14,21.4,1.08,0.217,3.27,21.00%,49.80%,29.20%,53.80%,6.30%,,22.30%,17.60%,,,94.8,88.3,0.42,0.16,,1.73,1.32,,,33.50%,47.80%,74.30%,45.70%,63.80%,12.30%,10131
Noah Syndergaard,Mets,118,715,26.30%,5.70%,0.314,49.10%,21.30%,29.60%,9.70%,86.6,3.31,3.17,18.7,1.16,0.242,3.38,21.60%,52.10%,26.30%,58.20%,15.40%,,12.00%,14.40%,0.00%,,97.6,90,0.37,1.62,,0.68,0.58,-2.63,,34.80%,49.70%,73.40%,43.70%,63.10%,13.20%,11762
Chris Paddack,Padres,26,140.2,26.90%,5.50%,0.237,40.20%,17.50%,42.30%,11.50%,87.8,3.33,4.05,2.4,0.98,0.202,3.83,17.20%,40.70%,42.10%,61.10%,,,10.40%,28.50%,,,93.9,84.5,0.99,,,-0.33,1.22,,,36.00%,52.10%,78.00%,45.60%,71.30%,11.50%,20099
Dakota Hudson,Cardinals,32,174,18.00%,11.30%,0.275,56.90%,21.80%,21.20%,9.10%,89.3,3.36,4.53,1.1,1.41,0.242,5.06,17.40%,42.00%,40.70%,61.70%,25.80%,,9.90%,2.60%,,,93.7,88.2,-0.05,0.76,,-0.64,-1.14,,,27.60%,43.80%,77.50%,41.90%,56.10%,9.90%,19206
Frankie Montas,Athletics,29,166.2,22.10%,6.90%,0.314,46.10%,23.30%,30.60%,9.30%,88,3.4,3.94,3.9,1.28,0.253,4.18,14.60%,44.40%,41.00%,62.70%,25.70%,,,1.30%,10.40%,,96.2,87.6,-0.45,2.07,,,-0.6,0.81,,32.60%,49.00%,78.30%,43.60%,58.90%,10.60%,14309
Dallas Keuchel,White Sox,135,863,20.50%,6.80%,0.286,59.20%,19.30%,21.50%,9.00%,87.1,3.42,3.43,14.4,1.2,0.241,3.68,23.10%,49.60%,27.40%,54.30%,19.50%,13.60%,,12.60%,,,89,79.3,0.35,0.78,0.49,,0.92,,,32.50%,44.50%,78.60%,37.70%,60.50%,9.50%,9434
Miles Mikolas,Cardinals,64,384.2,18.50%,3.90%,0.29,48.40%,22.60%,29.00%,7.90%,87.6,3.46,3.91,6.7,1.14,0.254,4.15,17.60%,45.80%,36.70%,50.00%,24.80%,,21.40%,2.20%,1.70%,,93.8,87.6,0.43,1.55,,0.03,-2.11,-0.71,,36.00%,50.50%,80.90%,46.20%,68.30%,9.70%,9803
Johnny Cueto,Giants,102,648,21.00%,6.20%,0.29,44.60%,21.90%,33.50%,12.00%,87.5,3.49,3.9,10.4,1.19,0.244,4,19.20%,50.60%,30.20%,50.40%,7.50%,20.80%,3.40%,17.90%,,,91.6,82.4,0.77,-1.11,0.34,-1.25,0.13,,,33.20%,48.10%,79.60%,42.10%,65.40%,9.80%,6893
Aaron Nola,Phillies,127,771.1,26.00%,7.40%,0.292,50.60%,19.80%,29.70%,7.70%,87.5,3.49,3.43,17.2,1.17,0.23,3.65,20.30%,48.30%,31.40%,52.00%,,,31.90%,16.10%,,,91.8,84.5,-0.03,,,1.87,0.26,,,31.50%,44.70%,75.60%,44.90%,64.50%,10.90%,16149
Carlos Carrasco,Indians,129,781.2,28.20%,5.50%,0.308,47.00%,20.60%,32.40%,7.40%,89,3.52,3.06,18.7,1.12,0.238,3.17,16.90%,49.40%,33.80%,49.90%,22.30%,,11.90%,15.90%,,,94,88.4,-0.41,1.41,,1.19,1.68,,,35.80%,49.90%,72.40%,43.40%,64.40%,13.70%,6632
Garrett Richards,Padres,63,354.2,22.50%,9.30%,0.276,52.50%,18.50%,28.90%,10.50%,88.1,3.53,3.75,5.5,1.25,0.227,3.96,20.90%,50.00%,29.10%,58.50%,33.60%,,7.00%,1.00%,,,95.6,87.9,0.04,0.73,,0.73,-2.54,,,30.10%,45.30%,75.10%,44.30%,58.60%,11.30%,9784
Jon Lester,Cubs,159,941.2,23.00%,7.00%,0.301,44.60%,22.50%,32.80%,8.90%,87.6,3.54,3.8,16.7,1.24,0.248,3.97,19.20%,49.90%,30.90%,50.30%,,27.30%,14.40%,8.00%,,,91.4,84.7,-0.09,,0.75,0.19,-0.22,,,30.10%,45.20%,78.20%,40.40%,59.70%,9.90%,4930
Charlie Morton,Rays,115,654.2,26.30%,8.00%,0.297,51.30%,21.10%,27.50%,9.70%,87.3,3.57,3.49,13.3,1.19,0.228,3.66,20.00%,49.70%,30.40%,56.20%,,7.60%,30.30%,5.90%,,,94.3,85.9,0.12,,-0.57,1.7,-1.49,,,31.10%,45.60%,75.30%,45.10%,61.70%,11.20%,4676
Shane Bieber,Indians,52,322.1,28.50%,4.60%,0.318,44.60%,21.30%,34.10%,9.10%,90.3,3.6,3.23,8.5,1.14,0.246,3.36,12.30%,44.80%,42.90%,49.40%,25.50%,,18.80%,6.20%,,,93.1,87.7,0.24,1.27,,0.2,-0.98,,,33.80%,47.30%,72.10%,42.70%,65.50%,13.20%,19427
Luis Severino,Yankees,88,506.2,27.00%,6.70%,0.299,46.10%,22.50%,31.40%,11.40%,87.9,3.61,3.28,12.2,1.17,0.234,3.45,20.70%,48.40%,30.90%,51.40%,35.00%,,,13.60%,,,97.1,87.9,0.12,0.92,,,0.56,,,31.20%,48.10%,75.60%,47.60%,65.70%,11.70%,15890
James Paxton,Yankees,114,635,27.40%,7.10%,0.312,43.30%,20.20%,36.50%,11.00%,89.4,3.63,3.51,15.6,1.22,0.24,3.58,16.70%,49.90%,33.40%,63.70%,,14.10%,18.60%,3.70%,,,95.5,87,0.52,,0.91,0.62,-1.96,,,31.90%,49.20%,74.30%,46.20%,63.60%,12.70%,11828
Julio Urias,Dodgers,28,123,23.80%,9.30%,0.326,38.80%,26.30%,34.90%,10.30%,86.5,3.66,4.2,2.6,1.36,0.251,4.28,21.50%,48.40%,30.10%,56.90%,14.10%,,13.50%,15.60%,,,93.3,81,0.28,0.9,,-2.04,1.79,,,30.20%,45.50%,76.60%,41.30%,59.10%,10.60%,14765
Brad Peacock,Astros,43,223.2,26.20%,8.80%,0.283,41.60%,18.60%,39.80%,7.70%,87.9,3.66,4.14,4.3,1.2,0.223,4.06,18.50%,50.20%,31.30%,54.00%,33.40%,,7.60%,5.00%,,,92,81.4,0.73,0.83,,-1.5,-0.74,,,28.30%,43.30%,77.10%,43.80%,63.20%,9.90%,5401
Alex Wood,Dodgers,101,576.2,21.10%,6.80%,0.3,49.70%,22.30%,28.00%,8.10%,87.7,3.67,3.69,8.8,1.25,0.25,3.92,16.80%,51.30%,32.00%,52.50%,,,25.70%,21.80%,,,90.1,83.8,0.14,,,0.71,0.62,,,33.00%,46.50%,78.50%,42.70%,66.10%,10.00%,13781
Jameson Taillon,Pirates,82,466,21.50%,6.00%,0.308,48.20%,22.80%,29.00%,9.80%,87.7,3.67,3.67,9.5,1.25,0.256,3.93,19.50%,49.30%,31.10%,60.00%,9.70%,,22.80%,7.60%,,,95,87.7,0.14,1.16,,0.52,-0.74,,,32.70%,48.10%,80.20%,44.80%,63.20%,9.50%,11674
Luis Castillo,Reds,78,449.2,26.50%,8.70%,0.267,52.00%,18.50%,29.50%,9.00%,87.6,3.68,3.55,8,1.16,0.216,3.84,18.90%,44.80%,36.30%,55.40%,16.30%,,,28.20%,,,96.4,86.9,-0.16,0.37,,,2.33,,,32.50%,47.80%,70.00%,41.30%,58.40%,14.40%,15689
Lance McCullers Jr.,Astros,80,451.1,26.50%,9.40%,0.314,54.60%,20.00%,25.40%,7.00%,88.5,3.69,3.33,9.6,1.28,0.235,3.59,20.20%,50.60%,29.20%,43.70%,0.10%,,44.40%,11.80%,,,94.2,88.2,-0.77,-5.98,,1.65,-0.6,,,30.60%,44.60%,73.20%,42.90%,57.30%,12.00%,14120
Ross Stripling,Dodgers,52,257,23.50%,5.20%,0.303,49.10%,20.50%,30.50%,10.60%,88.5,3.71,3.43,4.2,1.2,0.253,3.66,17.90%,48.30%,33.80%,42.60%,22.00%,,23.80%,11.70%,,,90.9,83.1,-0.53,0.2,,1.79,-0.53,,,31.30%,46.00%,78.70%,45.00%,67.30%,9.80%,13273
Lance Lynn,Rangers,126,719.1,23.40%,9.10%,0.304,44.30%,21.50%,34.10%,10.90%,87.7,3.72,4.13,13.5,1.33,0.244,4.24,19.00%,48.20%,32.80%,78.60%,11.90%,,7.10%,1.90%,0.50%,,92.7,84.5,0.43,0.54,,-0.91,-4.84,-1.86,,29.20%,46.70%,78.10%,40.70%,57.30%,10.20%,2520
Cole Hamels,Braves,147,893.1,22.60%,8.30%,0.29,47.40%,20.60%,32.00%,8.00%,88.3,3.72,4.01,14.3,1.26,0.241,4.1,17.70%,48.00%,34.30%,46.60%,,19.70%,13.10%,20.70%,,,92.2,83.8,-0.3,,0.59,-0.03,1.28,,,33.00%,48.00%,75.10%,41.60%,58.70%,12.00%,4972
John Means,Orioles,27,147.1,17.90%,5.80%,0.255,30.60%,19.10%,50.30%,11.50%,87.4,3.73,5.61,2.8,1.14,0.235,5.19,17.10%,54.70%,28.20%,50.90%,14.60%,,6.10%,28.40%,,,91.8,80.9,0.13,1.42,,-3.58,1.36,,,32.60%,47.70%,80.50%,38.70%,63.30%,9.30%,16269
Sonny Gray,Reds,134,775.2,22.50%,8.50%,0.279,51.90%,18.70%,29.30%,8.10%,88.8,3.75,3.83,13.3,1.23,0.231,4.06,17.10%,51.70%,31.20%,52.40%,16.80%,4.70%,18.10%,8.10%,,,93,89.2,0.16,1.12,-1.4,1.04,0.19,,,29.30%,44.40%,76.70%,42.60%,59.00%,10.30%,12768
J.A. Happ,Yankees,149,845.1,22.10%,7.10%,0.286,42.00%,21.10%,36.90%,11.10%,88.6,3.77,4.1,12.9,1.23,0.243,4.12,18.90%,49.00%,32.20%,70.40%,13.80%,,5.00%,10.80%,,,91.7,85.6,0.73,-0.4,,-0.02,-1.22,,,30.50%,47.00%,79.70%,42.50%,60.20%,9.50%,7410
Sean Manaea,Athletics,85,488.2,19.60%,6.50%,0.279,44.00%,20.90%,35.10%,8.30%,89.6,3.78,4.26,6.7,1.2,0.243,4.33,16.10%,48.30%,35.60%,58.00%,15.10%,,,26.90%,,,91.4,83.3,0.05,0.35,,,0.65,,,33.50%,49.70%,77.80%,45.50%,62.80%,11.00%,15873
Jordan Montgomery,Yankees,36,184.2,22.00%,8.10%,0.279,41.30%,17.90%,40.80%,8.20%,87,3.8,4.45,3.1,1.25,0.237,4.38,18.00%,55.20%,26.90%,41.90%,12.00%,,26.50%,19.60%,,,91.7,84.2,-0.73,0.83,,1.69,1.41,,,33.10%,46.70%,74.70%,42.10%,60.10%,11.80%,16511
Michael Fulmer,Tigers,75,456,18.90%,6.80%,0.276,47.70%,21.10%,31.20%,10.70%,87.7,3.81,4.15,8.2,1.19,0.239,4.32,17.80%,49.40%,32.90%,58.90%,24.00%,,0.20%,17.00%,,,95.5,87.2,0.57,0.52,,-6.75,0.62,,,32.80%,49.30%,79.50%,44.50%,61.70%,10.10%,13218
Brad Keller,Royals,48,283.1,17.00%,9.40%,0.292,51.20%,20.30%,28.50%,8.10%,88.5,3.81,4.67,4.6,1.35,0.25,4.98,16.90%,48.40%,34.70%,67.70%,29.50%,,,2.00%,0.90%,,93.5,88.2,0.43,0.86,,,-2.45,-1.21,,31.50%,45.90%,81.00%,40.80%,58.50%,8.70%,15734
Sandy Alcantara,Marlins,38,231.1,18.40%,10.60%,0.268,45.00%,19.00%,36.00%,11.50%,87.4,3.81,5.17,2.5,1.33,0.234,5.29,19.90%,45.40%,34.70%,57.50%,22.50%,,7.10%,12.90%,,,95.6,89.3,0.32,-0.02,,-0.13,0.27,,,32.80%,48.00%,77.50%,41.50%,60.60%,10.80%,18684
Yonny Chirinos,Rays,25,136.2,21.90%,6.10%,0.273,45.30%,23.90%,30.80%,9.90%,88.9,3.82,3.94,2.1,1.14,0.236,4.2,16.20%,46.50%,37.40%,57.30%,21.10%,,,,21.60%,,93.7,,0.27,0.32,,,,1.61,,31.40%,49.10%,77.70%,43.10%,62.20%,11.00%,16401
Jake Odorizzi,Twins,151,823.2,22.70%,8.20%,0.273,33.80%,21.20%,45.00%,10.60%,88.9,3.82,4.52,11.7,1.23,0.231,4.31,17.20%,47.90%,34.90%,54.70%,10.60%,8.70%,4.90%,21.10%,,,91.7,84.7,0.69,0.43,-0.81,-1.26,-0.41,,,31.50%,48.30%,77.80%,41.80%,57.80%,10.70%,6397
Patrick Corbin,Nationals,138,806.1,24.70%,7.40%,0.314,49.80%,20.90%,29.40%,6.00%,89.2,3.84,3.52,15.7,1.29,0.251,3.77,16.80%,47.20%,36.00%,55.20%,35.50%,,3.10%,6.20%,,,91.7,83.4,-0.6,1.45,,0.71,-2.53,,,34.80%,46.90%,73.10%,39.00%,61.60%,12.60%,9323
Gio Gonzalez,White Sox,144,806,21.70%,9.40%,0.301,47.70%,21.40%,31.00%,8.00%,87.7,3.84,4.08,13.6,1.34,0.245,4.3,18.40%,50.70%,30.90%,59.80%,,,20.60%,19.70%,,,90.5,83.2,0.16,,,-0.3,1.05,,,29.60%,43.20%,78.00%,39.60%,55.70%,9.50%,7448
Mike Minor,Rangers,60,365.1,22.10%,7.10%,0.274,37.60%,20.30%,42.20%,13.00%,87.4,3.84,4.57,6.7,1.19,0.237,4.39,19.30%,44.20%,36.50%,46.50%,20.00%,,11.10%,22.40%,,0.00%,92.7,86.1,0.21,-0.83,,-0.06,2.07,,-3.89,32.30%,48.00%,77.50%,43.20%,59.80%,10.80%,10021
Jose Quintana,Cubs,159,944.1,21.90%,6.70%,0.306,44.00%,22.40%,33.60%,9.30%,88.6,3.86,3.92,18.3,1.26,0.254,4.05,17.20%,50.10%,32.70%,62.10%,1.10%,1.60%,26.20%,9.10%,,,91.8,86.2,0.44,0.08,1.82,-0.01,-1.87,,,28.90%,44.60%,81.30%,44.00%,66.00%,8.30%,11423
Raisel Iglesias,Reds,21,120.2,26.20%,6.80%,0.296,44.70%,22.50%,32.80%,7.60%,87.8,3.88,3.32,2.2,1.18,0.235,3.34,17.00%,57.50%,25.50%,57.80%,29.80%,,,12.50%,,,91.4,85.1,-0.06,1.07,,,-0.36,,,32.60%,47.20%,76.50%,47.10%,58.10%,11.10%,17130
Yu Darvish,Cubs,87,505.2,29.60%,7.90%,0.28,42.00%,21.40%,36.60%,7.50%,87.2,3.9,3.51,9.3,1.15,0.219,3.56,19.00%,49.60%,31.40%,47.60%,19.80%,20.70%,7.00%,1.60%,3.30%,,93.9,87.5,-0.47,1.16,1.51,1.4,0.05,1.97,,31.50%,46.90%,73.10%,45.90%,59.70%,12.60%,13074
Junior Guerra,Diamondbacks,60,320.2,20.60%,10.10%,0.276,41.60%,20.70%,37.80%,11.50%,88.6,3.9,4.62,2.9,1.34,0.239,4.66,18.20%,46.20%,35.60%,66.00%,14.70%,,,,19.30%,,92.9,,-0.21,-0.76,,,,0.29,,29.20%,46.00%,77.20%,42.40%,59.60%,10.50%,5702
Julio Teheran,Angels,159,927.1,20.90%,9.10%,0.264,39.20%,20.90%,39.90%,9.40%,88.5,3.9,4.63,7.7,1.25,0.23,4.55,18.80%,47.50%,33.70%,61.60%,22.30%,,7.80%,8.30%,,,90.6,82.7,0.42,0.06,,-1.24,0.39,,,29.50%,45.80%,77.70%,41.90%,60.70%,10.20%,6797
Masahiro Tanaka,Yankees,143,867,22.70%,5.00%,0.279,48.00%,19.60%,32.50%,11.10%,88.8,3.9,3.62,15.1,1.14,0.241,3.74,18.00%,47.70%,34.40%,29.70%,29.70%,7.00%,5.10%,0.60%,27.90%,,91.5,84.6,-1.43,1.61,-1.05,0.23,-1.81,0.95,,37.10%,50.20%,75.20%,41.40%,65.80%,12.40%,15764
Chase Anderson,Blue Jays,139,730.2,19.80%,7.80%,0.272,37.50%,21.40%,41.10%,10.80%,87.4,3.9,4.66,7.1,1.24,0.242,4.54,17.70%,48.60%,33.80%,55.10%,,8.40%,14.80%,21.60%,,,92.2,82.2,-0.24,,-0.13,-0.08,0.85,,,29.20%,46.70%,80.30%,44.20%,61.10%,9.20%,6895
Max Fried,Braves,39,200.1,24.60%,7.50%,0.342,54.20%,24.30%,21.50%,6.60%,89.2,3.91,3.38,3.7,1.37,0.269,3.85,17.10%,44.90%,37.90%,57.90%,12.70%,,25.00%,4.40%,,,93.5,84.2,-0.01,1.48,,0.16,-3.28,,,30.50%,45.80%,75.50%,41.90%,61.30%,11.20%,13743
Zach Davies,Padres,111,614.1,16.80%,7.00%,0.291,46.40%,22.60%,31.00%,7.30%,87.5,3.91,4.46,7.8,1.3,0.259,4.7,18.30%,47.90%,33.90%,56.10%,0.40%,12.10%,10.80%,20.70%,,,89.2,79.5,-0.23,-4.42,-0.36,-0.16,1.08,,,28.90%,43.20%,82.00%,39.80%,57.70%,7.80%,13183
Kenta Maeda,Twins,103,546.2,25.80%,7.50%,0.278,40.90%,22.00%,37.10%,10.90%,86.3,3.92,3.83,8.9,1.16,0.225,3.86,19.80%,48.30%,32.00%,42.20%,27.50%,2.50%,13.50%,14.40%,,,91.2,84,0.17,1.83,-0.39,-1.01,0.92,,,32.00%,47.20%,72.90%,43.50%,63.60%,12.70%,18498
Dereck Rodriguez,Giants,35,190.1,17.10%,7.70%,0.265,41.00%,23.00%,36.00%,11.00%,89.1,3.92,4.81,1.1,1.26,0.242,4.94,13.10%,46.60%,40.40%,50.60%,12.70%,,18.20%,18.50%,,,91,84.3,-0.84,1.28,,0.26,0.65,,,29.10%,45.00%,81.60%,42.70%,57.00%,8.30%,14509
Zack Wheeler,Phillies,77,464,23.20%,7.40%,0.303,44.40%,21.30%,34.30%,11.10%,86.8,3.94,4.02,9.1,1.27,0.246,4.16,20.60%,50.20%,29.20%,59.30%,19.80%,,10.90%,6.10%,4.00%,,96,88.4,0.58,0.6,,0.34,-0.23,-0.61,,32.00%,48.90%,79.00%,45.40%,63.40%,10.30%,10310
David Phelps,Brewers,25,132,19.00%,7.30%,0.299,43.40%,22.70%,33.90%,7.40%,89.3,3.95,4.1,1.8,1.3,0.255,4.22,13.20%,53.20%,33.60%,60.60%,,17.70%,14.70%,7.00%,,,90.7,82.9,0.21,,1.03,-0.38,-2.63,,,22.40%,42.00%,86.40%,49.80%,63.90%,5.70%,6316
Robbie Ray,Diamondbacks,140,762,29.30%,10.60%,0.309,41.30%,22.30%,36.30%,9.40%,89.7,3.96,3.68,12.3,1.33,0.232,3.8,15.80%,44.50%,39.70%,61.70%,22.50%,,12.80%,3.00%,,,93.6,85.4,0.26,-0.14,,0.44,-2.26,,,30.00%,45.10%,72.60%,42.80%,58.70%,12.40%,11486
Chris Bassitt,Athletics,50,279,19.90%,7.90%,0.287,43.20%,21.10%,35.70%,12.10%,87.9,3.97,4.61,4.1,1.29,0.245,4.55,17.20%,50.20%,32.70%,60.20%,17.90%,,14.40%,7.50%,,,93.1,84.2,0.45,-0.91,,-1.39,1.87,,,27.90%,46.10%,81.80%,47.80%,60.30%,8.40%,12304
John Gant,Cardinals,28,135.1,19.30%,11.40%,0.275,44.80%,23.30%,32.00%,9.60%,88.7,3.99,4.6,1.2,1.38,0.233,4.9,17.20%,41.80%,41.00%,56.10%,4.70%,,14.30%,24.90%,,,92.8,81.4,0.47,0.98,,-1.28,-0.15,,,29.00%,46.30%,76.90%,45.50%,61.60%,10.70%,13684
Michael Wacha,Mets,123,677.2,20.20%,8.50%,0.299,46.70%,23.00%,30.30%,8.00%,87.9,4,4.11,8.1,1.35,0.254,4.38,18.30%,49.00%,32.70%,52.30%,,16.00%,11.50%,20.20%,,,93.9,86.1,-0.04,,-0.23,-0.23,0.68,,,30.10%,47.90%,80.60%,46.10%,60.70%,9.30%,14078
Trevor Bauer,Reds,150,908.2,25.70%,8.90%,0.297,43.20%,21.10%,35.80%,11.60%,88.8,4,3.92,16.1,1.27,0.235,3.95,17.70%,47.40%,35.00%,47.70%,10.70%,10.80%,21.70%,8.40%,0.80%,,93.8,86.2,-0.12,0.93,-0.12,0.79,-0.4,1.08,,28.30%,44.20%,75.90%,43.10%,59.90%,10.70%,12703
Anthony DeSclafani,Reds,103,589.2,21.50%,6.60%,0.297,43.20%,21.10%,35.80%,9.40%,88.7,4.01,4.04,8.4,1.27,0.254,4.11,16.90%,47.50%,35.60%,58.10%,27.20%,,9.50%,5.20%,,,93.4,87.2,-0.05,0.84,,-1.57,-0.02,,,30.60%,47.50%,79.50%,45.10%,61.70%,9.70%,13050
Tanner Roark,Blue Jays,136,793.2,20.00%,7.50%,0.296,44.00%,21.90%,34.10%,8.10%,87.7,4.03,4.35,10,1.3,0.254,4.42,19.20%,51.80%,29.10%,59.30%,15.20%,1.50%,13.40%,10.60%,,,92,83.7,0.05,0.64,-2.63,-0.01,0.53,,,29.30%,44.90%,80.50%,42.20%,58.70%,8.70%,8753
Mike Fiers,Athletics,151,845.2,20.10%,7.10%,0.281,40.30%,21.10%,38.70%,11.80%,88.4,4.03,4.49,7.2,1.26,0.25,4.41,17.80%,46.80%,35.40%,49.60%,4.40%,11.90%,17.40%,16.70%,,,89.7,83,-0.06,-0.89,-0.46,-0.17,0.39,,,29.70%,46.60%,80.90%,46.20%,62.80%,8.90%,7754
Eduardo Rodriguez,Red Sox,122,691.2,23.60%,8.30%,0.299,40.60%,21.20%,38.20%,8.80%,86.7,4.03,4.19,10.6,1.3,0.244,4.17,20.70%,50.20%,29.10%,60.40%,9.60%,9.90%,,20.10%,,,93.4,87.2,0.32,-1.86,0.18,,0.75,,,31.70%,47.20%,77.30%,40.80%,60.90%,10.70%,13164
Sean Newcomb,Braves,53,278.1,22.60%,12.10%,0.298,43.70%,21.10%,35.30%,9.50%,88.1,4.04,4.53,3.3,1.44,0.239,4.72,17.90%,50.40%,31.80%,63.20%,4.30%,,16.70%,15.80%,,,93.3,86.2,0.4,0.47,,-0.57,-0.6,,,29.00%,45.00%,77.30%,41.10%,56.30%,10.20%,16943
Chris Archer,Pirates,151,882.1,27.80%,8.00%,0.31,44.00%,21.00%,35.00%,8.40%,89.7,4.05,3.46,15.8,1.27,0.24,3.55,16.50%,47.20%,36.30%,49.60%,40.50%,,0.60%,9.40%,,,94.8,86.8,-0.47,1.1,,-1.53,-0.47,,,31.60%,46.80%,72.40%,44.20%,61.70%,12.90%,6345
Steven Matz,Mets,101,548,22.10%,7.30%,0.298,48.30%,19.20%,32.50%,8.40%,88.8,4.06,4.01,5.8,1.3,0.253,4.11,19.00%,48.40%,32.60%,58.00%,9.70%,,16.80%,15.40%,,,93.5,84,-0.15,0.4,,-0.03,0.45,,,26.50%,45.00%,79.60%,48.60%,59.10%,9.20%,13361
Seth Lugo,Mets,31,168.1,19.30%,6.30%,0.3,42.00%,22.80%,35.20%,6.60%,87.7,4.06,4.26,2,1.31,0.262,4.38,18.30%,46.00%,35.70%,56.40%,14.60%,0.90%,18.30%,9.80%,,,91.6,84.9,0.94,0.3,-7.86,-0.43,-4.09,,,29.40%,46.30%,81.20%,45.70%,61.90%,8.70%,12447
Taijuan Walker,Mariners,86,475.1,21.40%,7.10%,0.286,43.70%,19.90%,36.50%,9.40%,89.2,4.07,4.14,5.2,1.26,0.246,4.1,17.20%,52.20%,30.70%,61.90%,5.30%,5.40%,10.50%,17.00%,,,94,88.5,0.4,-0.83,-1.21,-0.97,-1.38,,,29.40%,46.50%,79.70%,46.40%,61.80%,9.40%,11836
Jerad Eickhoff,Padres,76,433,21.20%,6.90%,0.288,38.60%,20.80%,40.60%,10.40%,88.9,4.07,4.4,6,1.27,0.251,4.27,18.20%,48.00%,33.90%,50.80%,18.60%,,27.40%,3.30%,,,90.7,83.8,-0.73,-0.16,,1.11,-2.19,,,29.00%,45.20%,78.80%,45.00%,61.10%,9.60%,12664
Jaime Barria,Angels,39,189.2,19.40%,8.30%,0.261,36.10%,18.80%,45.10%,10.20%,89,4.08,5.08,0.9,1.27,0.242,4.81,15.20%,46.20%,38.60%,45.30%,39.60%,,,15.10%,,,91.4,82.8,-1.34,1.43,,,-0.59,,,29.60%,44.60%,77.90%,39.80%,56.50%,9.90%,18356
Matt Shoemaker,Blue Jays,77,431.2,21.40%,6.20%,0.291,40.30%,19.80%,39.90%,9.70%,88.3,4.09,4.18,5.8,1.23,0.251,4.06,16.50%,50.30%,33.20%,51.00%,15.50%,,3.70%,0.00%,29.80%,,91,84,-0.3,-0.65,,-1.26,4.96,1.16,,32.70%,48.90%,76.30%,44.70%,65.30%,11.60%,4776
Carlos Rodon,White Sox,90,522.2,22.80%,9.90%,0.3,44.10%,20.40%,35.50%,9.10%,88.8,4.1,4.29,6.8,1.37,0.245,4.29,16.40%,53.90%,29.70%,60.60%,28.10%,,,11.30%,,,93.1,84.2,-0.57,1.48,,,-1.34,,,28.60%,45.00%,77.60%,43.70%,55.10%,10.10%,16137
Trevor Williams,Pirates,83,459,17.90%,7.40%,0.284,42.20%,21.90%,36.00%,10.00%,87.1,4.12,4.71,6.1,1.29,0.251,4.8,20.00%,49.70%,30.40%,69.30%,16.80%,,1.10%,12.80%,,,91.2,83.8,0.77,-1.14,,-2.56,-1.4,,,31.50%,47.80%,81.60%,43.20%,61.60%,8.80%,16977
Drew Pomeranz,Padres,100,514.1,23.70%,9.90%,0.303,42.10%,20.70%,37.20%,11.50%,88.6,4.13,4.25,5.9,1.39,0.249,4.33,19.00%,48.00%,33.00%,53.30%,,8.20%,37.10%,1.50%,,,90.8,82.9,0.12,,-0.53,-0.16,-0.63,,,28.70%,44.30%,77.90%,42.90%,57.30%,9.80%,11426
Joey Lucchesi,Padres,56,293.2,24.60%,8.00%,0.286,46.00%,19.50%,34.60%,7.90%,88.7,4.14,3.96,3.1,1.25,0.238,4.1,18.20%,43.30%,38.60%,56.80%,0.00%,7.60%,1.40%,34.20%,,,90.3,79.2,0.41,-2.98,-1.48,-2.95,0.27,,,28.90%,44.30%,76.40%,41.50%,60.90%,10.50%,19320
Mike Montgomery,Royals,69,356.2,18.00%,7.90%,0.296,52.40%,20.30%,27.20%,4.70%,88.8,4.14,4.22,3.3,1.35,0.26,4.4,15.50%,50.10%,34.40%,49.50%,,13.40%,19.00%,18.10%,,,91.5,82.7,-0.37,,-0.55,-0.43,0.94,,,31.70%,45.60%,79.10%,41.60%,62.50%,9.50%,4869
Brandon Woodruff,Brewers,34,180.1,25.10%,7.10%,0.308,46.00%,21.50%,32.60%,6.80%,85.7,4.14,3.84,3.9,1.22,0.243,3.99,21.40%,44.30%,34.30%,63.40%,21.30%,,1.60%,13.70%,,,95.6,86.2,1.01,1.01,,-2.78,-0.81,,,33.00%,50.00%,78.80%,44.10%,60.20%,10.60%,16162
Kyle Freeland,Rockies,83,456.1,17.80%,8.60%,0.298,49.10%,19.20%,31.70%,10.10%,87.2,4.16,4.59,6.1,1.4,0.263,4.78,20.10%,45.90%,34.00%,56.00%,4.70%,28.30%,,11.00%,,,91.8,86,0.28,-0.94,-0.16,,-1.79,,,29.70%,45.70%,81.20%,40.70%,60.10%,8.60%,16256
Luke Weaver,Diamondbacks,55,284.2,24.50%,7.20%,0.321,42.10%,23.70%,34.20%,11.60%,88.1,4.17,3.78,5.2,1.32,0.257,3.93,17.40%,47.90%,34.60%,57.30%,,7.20%,11.00%,24.60%,,,93.4,84.8,0.13,,-0.23,-1.58,0.81,,,28.30%,46.30%,78.30%,44.00%,60.30%,10.00%,16918
Danny Duffy,Royals,125,722,20.90%,8.00%,0.297,37.00%,21.90%,41.10%,10.80%,88.6,4.18,4.59,9.6,1.32,0.253,4.44,17.20%,47.70%,35.00%,55.50%,23.80%,,4.10%,16.60%,,,93.4,84.2,0.1,-0.1,,-0.43,0.38,,,29.60%,48.20%,78.60%,47.30%,60.50%,10.30%,3542
Jimmy Nelson,Dodgers,94,544,21.30%,8.90%,0.308,49.70%,20.80%,29.60%,10.30%,87.2,4.2,4.09,7.2,1.37,0.255,4.19,20.70%,47.90%,31.40%,64.00%,16.60%,,17.80%,1.60%,,,93.4,86.6,-0.49,1.27,,0.3,-2.73,,,29.80%,46.20%,79.30%,46.90%,59.70%,9.50%,10547
Jose Berrios,Twins,103,595.1,23.10%,7.70%,0.293,40.70%,20.70%,38.60%,10.30%,87.2,4.22,4.36,9.9,1.26,0.242,4.24,19.60%,47.10%,33.30%,59.40%,,,28.80%,11.80%,,,93.1,83.3,0.54,,,0.04,-1.17,,,32.80%,46.80%,78.00%,42.70%,62.40%,10.30%,14168
Brent Suter,Brewers,34,174.1,18.70%,5.10%,0.295,39.70%,25.70%,34.60%,13.40%,84.9,4.28,4.1,2.3,1.26,0.264,4.31,22.20%,47.40%,30.50%,69.60%,8.40%,,9.90%,12.10%,,,86.1,80,0.12,1.26,,-2.38,-0.54,,,31.30%,47.90%,79.80%,47.30%,67.80%,9.70%,13942
German Marquez,Rockies,93,547.1,24.40%,6.20%,0.313,47.20%,22.60%,30.20%,6.60%,89.7,4.31,3.57,10.2,1.26,0.256,3.78,15.90%,47.60%,36.50%,57.60%,13.30%,,23.90%,5.20%,,,95.1,86.1,-0.22,-0.08,,1.04,-2.65,,,30.20%,48.00%,76.00%,49.00%,63.00%,11.50%,15038
Ryan Borucki,Blue Jays,19,104.1,16.00%,8.60%,0.307,46.10%,19.30%,34.50%,8.60%,88.8,4.31,4.82,1.5,1.44,0.268,4.95,15.30%,51.60%,33.10%,58.20%,18.80%,,,23.10%,,,91.6,83.3,-0.43,-0.53,,,0.04,,,30.70%,44.40%,82.30%,39.50%,52.80%,7.90%,16350
Jeff Samardzija,Giants,138,851,20.00%,5.90%,0.285,40.30%,21.50%,38.20%,9.10%,88.3,4.31,4.3,9.6,1.21,0.249,4.28,18.10%,50.10%,31.80%,45.30%,20.40%,18.40%,6.40%,,9.50%,,93.6,,-0.05,0.85,0.38,0.3,,-0.94,,32.20%,48.80%,80.70%,45.50%,62.60%,9.40%,3254
Felix Pena,Angels,24,118.2,21.40%,7.80%,0.278,41.10%,24.50%,34.40%,8.50%,89.1,4.32,4.3,1.6,1.23,0.236,4.34,15.60%,43.90%,40.50%,56.00%,,,36.30%,7.70%,,,92,84.8,0.34,,,0.42,-1.54,,,31.00%,44.00%,76.60%,41.90%,59.80%,10.30%,13403
Marco Gonzales,Mariners,72,405.1,18.40%,5.70%,0.315,42.70%,23.00%,34.30%,10.90%,88.5,4.33,4.47,6.8,1.33,0.274,4.55,18.20%,48.00%,33.90%,38.10%,,19.20%,18.50%,24.10%,,,89.7,82.5,-0.18,,0.06,-0.05,0.02,,,33.90%,47.60%,82.20%,43.40%,65.60%,8.50%,15467
Andrew Heaney,Angels,72,408.2,23.80%,6.50%,0.295,38.20%,22.90%,38.90%,10.40%,89,4.34,4.01,4.9,1.25,0.25,3.9,17.50%,42.90%,39.60%,59.50%,23.30%,,,17.10%,,,91.9,83.6,-0.09,0.02,,,0.32,,,32.50%,47.80%,75.50%,43.50%,63.50%,11.70%,15423
Kevin Gausman,Giants,129,732.1,21.60%,7.00%,0.314,43.50%,21.30%,35.20%,11.30%,88.3,4.35,4.09,10.7,1.35,0.267,4.14,18.50%,48.90%,32.70%,63.40%,12.10%,,0.40%,4.00%,20.10%,,94.5,83.5,-0.18,-1.04,,-4.42,-1.73,0.68,,33.10%,48.40%,76.70%,42.70%,58.50%,11.30%,14107
Nick Tropeano,Pirates,35,186,21.80%,9.50%,0.295,35.60%,20.30%,44.10%,10.30%,89.2,4.35,4.65,1.1,1.39,0.256,4.45,13.50%,49.20%,37.30%,49.80%,,,24.40%,17.00%,8.80%,,90.7,82.2,-0.53,,,0.25,-1.79,0.13,,29.00%,44.50%,73.00%,41.70%,60.10%,12.00%,12385
Chad Kuhl,Pirates,61,313,20.40%,9.20%,0.314,41.00%,23.20%,35.80%,6.70%,89.2,4.37,4.52,3.7,1.42,0.264,4.61,17.80%,46.70%,35.60%,61.80%,22.10%,,6.80%,9.30%,,,95,88.3,-0.89,1.64,,1.88,-2.87,,,26.50%,44.30%,79.00%,45.40%,57.20%,9.30%,14975
Jose Urena,Marlins,93,512.2,16.30%,7.90%,0.277,47.40%,19.60%,33.00%,9.40%,88.3,4.37,4.76,3.2,1.3,0.251,4.84,16.00%,47.80%,36.20%,59.50%,22.30%,,0.50%,17.80%,,,95.3,88.9,0.28,0.45,,2.39,-0.97,,,31.40%,45.90%,81.70%,39.10%,58.10%,8.40%,11589
Dinelson Lamet,Padres,35,187.1,30.60%,10.50%,0.28,36.80%,22.60%,40.60%,9.30%,88,4.37,3.9,2.7,1.25,0.213,3.86,17.70%,46.80%,35.50%,54.90%,41.50%,,,3.70%,,,95.4,90.3,-0.9,1.87,,,-3.22,,,29.30%,45.00%,71.90%,44.70%,57.60%,12.70%,17186
Brett Anderson,Brewers,95,501,13.80%,6.30%,0.307,58.10%,19.50%,22.50%,5.10%,88.9,4.38,4.14,4.8,1.38,0.281,4.39,19.80%,46.70%,33.50%,50.80%,22.50%,4.80%,9.10%,12.90%,,,90.7,83.1,-0.46,0.42,0.37,-1.57,0.19,,,31.10%,46.10%,83.80%,44.40%,58.70%,7.50%,8223
Kendall Graveman,Mariners,78,441.1,14.90%,6.90%,0.301,51.60%,20.10%,28.30%,5.60%,89.4,4.38,4.4,3.3,1.38,0.275,4.56,16.60%,54.00%,29.30%,61.30%,7.70%,20.70%,,7.20%,3.10%,,92.5,85.7,-0.27,0.16,-0.73,,0.44,-1.66,,27.70%,43.70%,83.20%,44.50%,61.10%,7.30%,15514
Ivan Nova,Tigers,137,777,16.40%,5.40%,0.302,47.40%,21.50%,31.10%,9.30%,89.6,4.39,4.34,8.1,1.33,0.277,4.51,17.50%,49.20%,33.30%,63.20%,3.30%,0.50%,22.80%,10.30%,,,92.7,86.4,-0.46,-0.76,-2.21,0.07,-1.04,,,33.60%,48.60%,82.40%,43.40%,60.30%,8.60%,1994
Trevor Richards,Rays,48,249.2,22.80%,9.80%,0.302,35.70%,23.30%,41.00%,8.40%,88.4,4.4,4.71,2.6,1.38,0.249,4.6,14.70%,45.40%,39.90%,49.20%,,5.30%,10.40%,35.10%,,,90.8,83.2,-0.66,,-1.53,-2.07,1.73,,,32.10%,46.90%,76.30%,40.50%,60.20%,11.10%,19309
Ryan Yarbrough,Rays,20,114.1,20.10%,4.10%,0.277,42.90%,21.70%,35.40%,14.30%,85.8,4.41,4.32,2.4,1.07,0.237,4.28,18.80%,47.40%,33.80%,25.20%,12.50%,35.30%,,27.00%,,,88.5,79.8,-0.98,1.17,0.83,,2.38,,,34.70%,49.60%,79.40%,43.60%,63.10%,10.20%,16502
Merrill Kelly,Diamondbacks,32,183.1,20.30%,7.30%,0.292,42.00%,22.40%,35.60%,6.60%,89.9,4.42,4.58,2,1.31,0.256,4.73,12.70%,44.60%,42.70%,46.70%,,18.60%,21.40%,13.40%,,,91.9,86,0.3,,0.48,0.11,-1.09,,,30.80%,46.80%,79.10%,41.40%,58.30%,9.80%,11156
Kyle Gibson,Rangers,147,851.1,19.10%,8.50%,0.309,50.90%,22.40%,26.70%,9.10%,88.3,4.42,4.09,10.3,1.41,0.267,4.39,17.50%,48.50%,34.00%,56.20%,20.00%,,8.30%,15.60%,,,92.2,84.2,-0.63,0.71,,-0.66,0.66,,,33.90%,45.60%,76.20%,37.00%,60.10%,10.80%,10123
Eric Lauer,Brewers,52,260.1,20.60%,8.40%,0.322,38.60%,24.50%,36.90%,11.10%,89.2,4.43,4.67,3.1,1.46,0.272,4.69,17.30%,42.00%,40.80%,55.10%,12.60%,15.10%,13.30%,4.10%,,,91.6,85.3,0.28,-1.88,-0.93,-0.26,-2.41,,,28.20%,46.90%,82.00%,46.20%,62.00%,8.50%,19316
Ian Kennedy,Royals,115,637.2,22.00%,8.10%,0.28,34.60%,20.90%,44.50%,9.40%,89.5,4.43,4.55,3.4,1.3,0.247,4.28,15.50%,46.50%,38.00%,62.70%,,9.70%,15.70%,11.90%,,,91.8,84.1,0.16,,-1.14,-1.68,-0.37,,,29.10%,46.50%,79.60%,44.60%,61.10%,9.50%,6986
Rick Porcello,Mets,159,964,20.80%,5.20%,0.302,41.90%,20.40%,37.70%,10.00%,88.6,4.43,4.2,13,1.26,0.261,4.08,18.10%,48.20%,33.80%,58.70%,16.40%,,14.00%,10.90%,,,90.6,81,0.06,0.22,,-0.61,-0.66,,,31.10%,48.10%,82.20%,47.60%,65.30%,8.60%,2717
Adam Wainwright,Cardinals,99,557,19.40%,7.80%,0.323,46.80%,24.00%,29.20%,9.50%,87.3,4.44,4.19,7.6,1.42,0.274,4.47,18.00%,48.50%,33.60%,41.40%,,25.50%,30.60%,2.30%,0.20%,,89.9,82,-0.98,,0.57,0.67,-2.45,-5.12,,27.90%,43.00%,81.90%,43.30%,59.30%,7.80%,2233
Jon Gray,Rockies,114,641,24.50%,7.60%,0.324,47.00%,23.20%,29.70%,9.60%,88.6,4.46,3.61,13.3,1.33,0.258,3.86,17.80%,47.90%,34.30%,54.00%,29.90%,,11.80%,4.40%,,,95.3,85.7,-0.89,1.58,,0.17,-1.49,,,29.30%,46.50%,75.50%,46.50%,62.80%,11.40%,14916
Daniel Norris,Tigers,81,395,21.00%,7.60%,0.312,39.20%,22.00%,38.80%,8.20%,89.8,4.47,4.5,5.4,1.39,0.267,4.44,15.60%,47.30%,37.10%,55.10%,21.60%,,8.30%,15.10%,,,92,85.8,-0.81,-0.19,,-0.44,0.77,,,28.90%,45.40%,78.20%,45.40%,59.90%,9.90%,13475
Tyler Chatwood,Cubs,77,413,18.30%,13.40%,0.286,55.90%,19.40%,24.70%,6.50%,87.5,4.47,4.65,3,1.5,0.246,5.1,19.70%,51.20%,29.20%,65.40%,,21.70%,8.20%,4.70%,,,93.4,86.4,-0.27,,0.92,-1.08,-0.29,,,25.90%,42.60%,80.00%,41.50%,53.40%,8.50%,4338
Caleb Smith,Marlins,46,237.2,26.10%,9.70%,0.261,26.70%,21.70%,51.60%,14.60%,88.3,4.51,4.86,2.3,1.25,0.221,4.45,17.70%,45.70%,36.60%,55.40%,29.80%,,,14.90%,,,92.1,83.1,0.05,0.3,,,-0.38,,,32.10%,48.80%,74.70%,41.40%,59.60%,12.30%,14875
Roenis Elias,Nationals,25,133.1,19.80%,8.90%,0.291,41.80%,20.40%,37.80%,10.80%,88.3,4.52,4.47,1,1.34,0.25,4.36,19.40%,49.50%,31.20%,52.90%,0.40%,,21.90%,24.80%,,,92.1,85,-1.09,9.96,,0.78,0.72,,,29.30%,46.20%,78.50%,44.80%,59.90%,9.90%,12673
Lucas Giolito,White Sox,72,411.1,22.70%,9.80%,0.261,41.10%,20.10%,38.80%,11.50%,88.4,4.53,4.6,5.1,1.25,0.224,4.55,18.00%,49.10%,32.90%,58.30%,13.80%,,8.00%,19.90%,,,93.2,81.7,0.01,0.76,,-2.51,1.46,,,29.20%,46.40%,75.90%,45.20%,58.70%,11.20%,15474
Chris Stratton,Pirates,41,216,18.10%,9.60%,0.309,42.50%,26.40%,31.10%,4.80%,89.1,4.54,4.53,1.5,1.46,0.268,4.88,14.20%,47.90%,37.80%,60.20%,13.80%,,16.20%,9.80%,,,91.1,84.1,0.44,-1.17,,-0.64,-3.08,,,27.90%,44.90%,81.20%,44.60%,61.30%,8.50%,13761
Edinson Volquez,Rangers,88,489.1,17.60%,9.80%,0.303,48.10%,20.90%,31.10%,7.00%,88.6,4.54,4.54,5,1.45,0.261,4.72,17.90%,50.10%,32.00%,52.70%,,,23.00%,24.30%,,,93.4,84,-0.98,,,-0.24,1.26,,,28.60%,44.70%,80.00%,45.70%,57.20%,8.90%,3990
Wade LeBlanc,Orioles,43,229.2,18.80%,5.70%,0.286,35.60%,21.90%,42.40%,6.90%,88.1,4.55,4.61,1.1,1.29,0.265,4.5,16.90%,49.70%,33.40%,35.00%,0.00%,26.80%,9.70%,28.40%,,,86.4,78,-0.25,-80.37,-0.12,-2.04,-0.33,,,33.30%,46.00%,80.40%,41.70%,62.30%,9.00%,5221
Nathan Eovaldi,Red Sox,81,433,19.60%,7.20%,0.304,49.10%,19.80%,31.10%,9.20%,89.1,4.57,4.05,5.4,1.35,0.265,4.18,18.70%,49.60%,31.80%,45.00%,16.30%,12.70%,7.50%,7.40%,11.20%,,97,88.1,-0.09,-0.32,0.64,-1.68,1.94,-1.06,,30.50%,48.50%,80.20%,47.40%,62.70%,9.60%,9132
Wade Miley,Reds,143,765,18.50%,8.80%,0.308,49.40%,21.80%,28.80%,7.40%,87.8,4.59,4.31,8.7,1.43,0.266,4.57,17.60%,50.50%,31.90%,43.40%,11.20%,17.80%,10.70%,16.90%,,,90.7,82.4,-0.67,-0.23,0.23,-0.4,0.57,,,30.30%,43.60%,80.10%,38.80%,57.90%,8.70%,8779
Robert Gsellman,Mets,29,156.2,16.80%,7.50%,0.308,50.80%,21.80%,27.40%,9.40%,87,4.6,4.37,1.8,1.45,0.271,4.6,19.50%,51.80%,28.70%,63.20%,16.50%,,11.30%,9.00%,,,92.9,85.4,-0.59,-0.31,,-1.54,0.09,,,29.70%,47.10%,83.70%,43.60%,63.40%,7.70%,13696
Tyler Glasnow,Rays,40,189.2,25.70%,9.60%,0.301,45.80%,19.40%,34.80%,9.00%,88.4,4.6,4.01,2.6,1.34,0.242,4.11,19.40%,47.30%,33.30%,66.10%,3.90%,,23.30%,6.80%,,,95.7,89.6,0.06,0.99,,-0.59,-1.75,,,27.90%,44.00%,75.90%,45.20%,59.00%,10.60%,14374
Anibal Sanchez,Nationals,122,679.2,21.10%,7.50%,0.288,39.70%,21.00%,39.30%,11.90%,87.3,4.61,4.4,8.1,1.3,0.252,4.34,20.00%,49.60%,30.40%,45.80%,9.80%,14.30%,8.20%,21.90%,,,91.1,82.5,-0.53,-1.85,0.65,-1,1.05,,,31.60%,46.40%,79.10%,43.00%,64.90%,9.70%,3284
Adam Conley,Marlins,56,292.2,19.40%,9.60%,0.304,39.20%,19.60%,41.20%,13.80%,88,4.61,4.94,2.7,1.44,0.26,4.73,20.10%,47.70%,32.30%,65.00%,17.10%,,0.50%,17.40%,,,90.6,82.7,-0.44,1.08,,-4.11,-0.14,,,29.40%,47.50%,79.20%,44.70%,60.30%,9.80%,14457
Matt Andriese,Angels,49,236.2,19.90%,6.20%,0.307,43.90%,19.60%,36.50%,11.90%,90.7,4.64,4.23,2.2,1.34,0.27,4.21,18.20%,45.60%,36.20%,46.80%,,14.90%,13.00%,25.30%,,,91.7,85.6,-0.55,,0.12,-1.12,0.25,,,33.60%,48.40%,78.30%,45.00%,62.30%,10.50%,12022
Josh Tomlin,Braves,75,425.1,17.70%,2.70%,0.286,39.70%,21.30%,39.00%,7.80%,88.4,4.66,4.22,2.7,1.2,0.271,4.19,15.30%,48.90%,35.90%,39.10%,,35.90%,18.60%,6.50%,,,87.8,83.1,-0.72,,-0.54,-0.18,0.33,,,33.50%,48.50%,83.20%,45.50%,66.90%,8.20%,9388
Joe Musgrove,Pirates,75,419.1,20.80%,5.60%,0.305,44.20%,20.60%,35.20%,9.20%,88.4,4.66,4.22,6.3,1.27,0.262,4.22,19.00%,45.80%,35.20%,48.70%,23.90%,8.60%,7.30%,11.40%,,,92.5,84.8,-0.57,0.77,-0.28,-0.85,-0.48,,,34.50%,50.80%,77.70%,47.50%,65.50%,11.30%,12970
Colin Rea,Cubs,25,133.1,18.20%,9.30%,0.291,45.30%,22.90%,31.80%,8.60%,90.3,4.66,4.53,1.1,1.38,0.25,4.64,15.50%,51.00%,33.50%,59.90%,0.00%,17.50%,17.70%,,4.90%,,91.8,,-0.06,-3.82,-0.05,-0.41,,-3.31,,24.70%,41.90%,85.00%,42.40%,58.10%,6.20%,12317
Vince Velasquez,Phillies,99,493.2,25.20%,8.90%,0.312,36.20%,22.30%,41.50%,11.00%,89.4,4.67,4.22,6.6,1.36,0.253,4.09,15.90%,47.60%,36.50%,65.60%,13.50%,,13.60%,7.30%,,,93.9,87.6,0.34,-0.89,,-1.34,-2.72,,,30.00%,47.50%,77.30%,46.20%,60.20%,10.80%,11189
Jakob Junis,Royals,77,445.1,20.80%,6.30%,0.304,41.80%,21.30%,36.90%,8.00%,89.4,4.67,4.46,4,1.32,0.265,4.34,15.00%,44.40%,40.60%,52.90%,39.70%,,1.70%,5.70%,,,91.3,84.2,-0.93,0.75,,-4.18,-1.74,,,30.20%,45.70%,79.40%,45.20%,62.10%,9.40%,13619
Reynaldo Lopez,White Sox,79,449.2,19.50%,8.60%,0.291,33.80%,20.80%,45.50%,14.50%,88.4,4.7,5.24,5.8,1.38,0.257,4.91,19.90%,47.00%,33.10%,60.10%,15.90%,,8.30%,15.70%,,,95.4,83.9,-0.15,-0.04,,-0.96,-0.87,,,28.90%,48.00%,79.10%,45.70%,59.80%,10.00%,16400
Matt Wisler,Twins,57,296,17.00%,7.70%,0.287,35.80%,22.90%,41.30%,9.90%,89.5,4.71,4.83,1.5,1.35,0.261,4.77,17.00%,48.80%,34.30%,59.10%,28.80%,,5.30%,6.70%,,,93,86.9,-0.42,1.14,,-2.8,-3.15,,,30.30%,47.60%,81.00%,44.30%,58.00%,9.00%,12804
Alex Cobb,Orioles,65,366,16.20%,6.10%,0.296,48.70%,20.60%,30.70%,9.00%,88.9,4.72,4.37,3.1,1.36,0.274,4.56,17.70%,47.60%,34.80%,51.20%,,,27.70%,21.20%,,,91.7,86.1,-0.26,,,-0.76,-0.83,,,30.40%,44.90%,84.00%,43.90%,59.80%,7.20%,6562
Zack Godley,Red Sox,81,447.1,22.60%,9.60%,0.313,50.10%,20.90%,29.00%,7.10%,89.1,4.75,4.02,5.9,1.39,0.253,4.24,17.40%,46.60%,36.10%,33.00%,,24.90%,35.40%,6.70%,,,90.7,82.7,-1.12,,-0.45,1.25,-0.64,,,32.40%,44.60%,73.30%,39.40%,58.60%,11.90%,14862
Tyler Anderson,Giants,71,392,21.60%,7.40%,0.304,42.50%,22.90%,34.60%,10.60%,86.5,4.75,4.05,4.8,1.34,0.263,4.2,22.20%,46.60%,31.30%,45.40%,7.40%,18.60%,2.40%,26.20%,,,91.6,81.6,-0.52,0.02,-0.31,0.84,-0.35,,,30.80%,49.50%,76.90%,48.00%,64.40%,11.40%,12880
Andrew Suarez,Giants,31,170.1,19.20%,7.30%,0.302,50.10%,22.60%,27.30%,6.40%,89.7,4.76,3.9,0.8,1.34,0.267,4.23,16.90%,41.80%,41.40%,51.20%,23.30%,,13.50%,12.10%,,,92.2,86,-0.29,-0.32,,-1.48,0.81,,,30.20%,45.50%,83.50%,42.90%,61.60%,7.50%,18300
Drew Smyly,Giants,63,340,24.10%,7.90%,0.295,33.60%,20.10%,46.30%,13.00%,88.2,4.76,4.41,3,1.33,0.254,4.13,19.20%,46.60%,34.20%,53.40%,,16.60%,25.00%,5.10%,,,90.5,80.8,0.39,,-2.08,-0.52,-1.52,,,30.50%,46.40%,76.70%,45.20%,59.30%,10.80%,11760
Pablo Lopez,Marlins,31,170,19.70%,6.30%,0.293,48.40%,21.30%,30.30%,13.00%,87.5,4.76,4.3,2,1.25,0.255,4.39,18.30%,46.60%,35.20%,59.30%,,,19.70%,21.00%,,,93.2,85.6,0,,,-0.75,1.08,,,32.70%,48.20%,78.40%,43.70%,58.10%,10.40%,17085
Zach Eflin,Phillies,74,413.1,17.40%,6.20%,0.293,42.00%,20.80%,37.20%,9.20%,88,4.77,4.71,3.6,1.35,0.269,4.72,17.80%,48.40%,33.70%,59.70%,24.00%,1.30%,6.30%,8.70%,,,93.4,86.5,-0.42,0.12,-1.69,-1.62,-1.43,,,31.10%,48.00%,82.00%,46.10%,65.50%,8.70%,13774
Robert Stephenson,Reds,22,105.2,20.20%,13.90%,0.296,36.30%,23.80%,39.90%,10.70%,89.5,4.77,5.33,0.6,1.61,0.252,5.33,14.40%,46.80%,38.80%,55.40%,18.30%,,8.30%,18.10%,,,93.1,84.8,-1.8,1.14,,1.22,-0.05,,,29.80%,45.80%,75.00%,41.80%,53.20%,11.40%,13594
Daniel Mengden,Athletics,47,260,17.60%,7.50%,0.275,38.50%,22.70%,38.80%,8.50%,89,4.78,4.82,2.5,1.3,0.249,4.81,16.50%,48.70%,34.80%,54.30%,8.80%,12.10%,11.30%,13.60%,,,91.9,81.7,-0.41,1.65,-0.82,0.35,-0.41,,,28.50%,45.50%,82.30%,46.10%,61.70%,8.10%,16980
Spencer Turnbull,Tigers,33,163.2,22.20%,8.70%,0.333,47.80%,20.50%,31.70%,5.30%,90,4.78,4.52,3.3,1.43,0.266,4.55,13.30%,44.90%,41.80%,64.60%,19.60%,,12.70%,3.20%,,,93.8,86.9,0.07,0.13,,-1.36,-0.28,,,31.10%,46.80%,77.50%,40.30%,60.10%,10.50%,16207
Dylan Bundy,Angels,103,574.2,23.20%,7.90%,0.291,36.40%,20.30%,43.40%,11.40%,88.7,4.79,4.53,6.7,1.32,0.252,4.28,17.20%,49.50%,33.40%,54.10%,20.40%,,10.80%,14.70%,,,92,83.9,-0.85,1.19,,-0.42,0.11,,,33.60%,49.20%,75.40%,45.10%,61.20%,12.10%,12917
Trevor Cahill,Giants,49,248.2,21.30%,9.40%,0.291,51.50%,19.70%,28.70%,4.40%,88.3,4.81,4.16,2.4,1.36,0.248,4.38,16.50%,46.20%,37.30%,43.30%,14.80%,0.30%,19.40%,22.20%,,,91.3,83.6,-0.85,-0.95,-1.29,0.48,0.66,,,28.50%,43.30%,74.70%,41.90%,58.50%,10.90%,6249
Tommy Milone,Orioles,53,275.1,17.80%,6.00%,0.308,40.20%,24.30%,35.50%,12.70%,87.1,4.87,4.29,2.5,1.4,0.28,4.42,18.60%,51.20%,30.30%,46.90%,3.00%,10.80%,11.40%,28.00%,,,87.7,80.9,-0.97,-2.02,0.01,-1.37,-0.17,,,34.70%,45.40%,80.80%,38.70%,66.20%,8.70%,7608
Jesse Chavez,Rangers,56,293.2,19.20%,7.30%,0.3,41.70%,22.80%,35.50%,11.40%,88.6,4.87,4.34,2.7,1.37,0.266,4.41,16.80%,49.10%,34.20%,35.20%,8.70%,33.50%,6.30%,16.30%,,,91.3,84.5,-1.19,-0.6,0.4,0.46,-0.17,,,26.70%,43.70%,82.10%,41.30%,62.10%,7.80%,5448
Tyler Mahle,Reds,52,261.2,21.90%,8.50%,0.313,43.90%,22.50%,33.50%,7.70%,89.4,4.88,4.33,2.1,1.44,0.268,4.44,14.60%,48.00%,37.50%,62.40%,11.00%,3.30%,11.50%,5.60%,6.40%,,92.9,83.5,0.03,-0.73,-4.56,-0.36,-4.34,1.31,,29.60%,46.00%,79.50%,45.00%,65.30%,9.40%,16358
Steven Brault,Pirates,35,171.1,18.20%,10.10%,0.303,44.60%,20.10%,35.20%,10.30%,89.7,4.89,5.1,1.4,1.51,0.264,5.13,20.60%,44.40%,35.00%,66.50%,19.60%,,1.40%,12.50%,,,91.6,84.5,-0.44,-0.83,,-3.84,0.87,,,29.20%,45.10%,78.60%,41.30%,54.60%,9.60%,15291
Adam Plutko,Indians,32,172.2,17.90%,6.20%,0.264,28.40%,20.30%,51.30%,12.20%,88.2,4.9,5.52,0.6,1.26,0.256,5.12,18.10%,45.20%,36.60%,55.60%,22.80%,,10.60%,11.00%,,,91.1,84.2,-0.6,0.58,,-0.17,-1.41,,,33.70%,49.70%,82.60%,41.80%,62.10%,8.60%,15846
Martin Perez,Red Sox,123,693.2,14.20%,8.30%,0.315,50.80%,21.90%,27.30%,8.10%,87.9,4.9,4.67,7.9,1.51,0.286,4.97,16.50%,50.60%,32.90%,56.30%,7.50%,7.20%,9.20%,19.80%,,,92.9,84.6,-0.46,-1.34,1.36,-0.89,-0.12,,,32.80%,46.80%,83.10%,41.20%,62.40%,7.90%,6902
Jharel Cotton,Cubs,29,158.1,18.90%,8.40%,0.265,37.10%,16.30%,46.70%,15.20%,86.9,4.95,5.18,0.6,1.33,0.248,4.86,21.80%,47.40%,30.80%,47.20%,,21.70%,8.50%,22.70%,,,92.9,77.7,-0.2,,-0.99,-0.74,0.23,,,28.70%,47.80%,78.70%,47.40%,60.50%,10.20%,13654
Matthew Boyd,Tigers,118,637.2,22.90%,7.20%,0.298,34.30%,19.90%,45.80%,12.60%,88,4.95,4.58,7.9,1.32,0.257,4.25,18.50%,45.30%,36.20%,53.10%,24.00%,,10.80%,12.10%,,,91.4,79.7,-0.59,0.86,,-0.79,-0.66,,,31.70%,48.10%,77.30%,44.50%,61.00%,10.90%,15440
Sam Gaviglio,Blue Jays,37,189.2,17.30%,7.40%,0.301,49.40%,18.60%,32.00%,6.70%,88.7,5.03,4.44,0.4,1.43,0.277,4.57,16.80%,50.60%,32.70%,56.20%,25.70%,,8.20%,9.90%,,,88.1,83.1,-1.45,0,,0.4,-0.86,,,27.80%,43.80%,81.10%,44.20%,63.40%,8.30%,12778
Chi Chi Gonzalez,Rockies,25,128.2,12.80%,11.90%,0.263,46.00%,23.60%,30.50%,8.60%,87.9,5.04,5.44,0.5,1.49,0.248,5.8,17.10%,50.10%,32.80%,60.50%,22.90%,,7.00%,9.60%,,,91.7,86.2,-0.24,0.74,,-1.96,-1.25,,,26.90%,43.90%,83.80%,42.60%,57.90%,7.10%,14663
Trent Thornton,Blue Jays,29,139.1,21.70%,9.50%,0.313,31.00%,28.60%,40.30%,11.20%,88.1,5.04,5.07,1.6,1.49,0.266,4.94,19.90%,43.60%,36.50%,47.30%,16.00%,16.20%,12.00%,8.50%,,,92.9,83.3,-0.36,-0.03,-1.45,-0.78,0.98,,,31.10%,43.80%,78.00%,38.70%,59.70%,9.60%,17948
Luis Perdomo,Padres,60,326.2,16.30%,8.00%,0.33,58.80%,18.90%,22.20%,6.40%,89.1,5.04,4.18,2.7,1.52,0.29,4.35,17.70%,48.60%,33.80%,64.60%,28.00%,,,7.40%,,,93.8,87.2,-0.25,-0.55,,,-2.01,,,29.30%,44.70%,81.20%,44.30%,61.40%,8.40%,14682
Matt Strahm,Padres,24,106.2,24.10%,4.80%,0.306,33.10%,21.90%,45.00%,9.30%,89.4,5.06,4.45,1.1,1.27,0.263,4.09,16.30%,39.80%,43.90%,43.30%,28.50%,,14.10%,14.10%,,,91.7,84.1,-1.19,-0.34,,1.9,0.15,,,31.70%,49.60%,77.50%,49.60%,65.90%,11.20%,13799
Derek Holland,Pirates,94,496,18.70%,9.80%,0.295,39.00%,22.20%,38.80%,9.80%,88.8,5.06,4.93,1.7,1.46,0.264,4.9,17.00%,46.20%,36.80%,57.50%,15.50%,,18.10%,8.70%,0.30%,,91.6,83.2,-0.54,-0.88,,-0.13,-1.72,1.88,,28.60%,44.70%,81.10%,42.40%,62.90%,8.40%,4141
Jordan Zimmermann,Tigers,128,707.1,17.20%,5.30%,0.312,38.80%,22.40%,38.80%,11.60%,88.7,5.06,4.6,7.9,1.37,0.282,4.55,16.40%,48.40%,35.30%,53.40%,27.40%,,15.90%,2.50%,0.90%,,92,86.4,-1.22,0.91,,-0.43,-2.05,-4.62,,32.00%,48.60%,82.80%,46.10%,66.00%,8.30%,4505
Michael Lorenzen,Reds,24,119.1,15.30%,11.10%,0.321,43.50%,26.70%,29.80%,6.10%,88.6,5.13,4.86,-0.3,1.66,0.291,5.08,16.60%,54.60%,28.80%,63.20%,14.50%,3.40%,11.00%,7.80%,,,94,85.2,-1.27,0.54,-0.12,-1.34,-3.32,,,29.60%,46.00%,81.70%,42.90%,56.50%,8.30%,14843
Jordan Lyles,Rangers,56,280,20.40%,8.90%,0.314,44.90%,19.90%,35.20%,10.80%,88.8,5.18,4.56,2.9,1.46,0.27,4.63,18.00%,45.20%,36.80%,54.60%,11.50%,0.60%,24.40%,8.90%,,,92.6,84.7,-0.12,-1.09,-6.89,-0.08,-1.91,,,30.90%,46.60%,80.30%,43.00%,63.60%,9.20%,7593
Tyler Beede,Giants,24,120.1,21.40%,8.90%,0.309,44.20%,22.50%,33.20%,4.10%,91.2,5.24,4.63,0.3,1.47,0.267,4.73,12.50%,41.90%,45.70%,55.70%,11.60%,,13.40%,19.30%,,,94.1,83.5,-0.25,-0.66,,0.21,-1.29,,,29.20%,45.50%,75.50%,40.90%,65.60%,11.20%,16981
Freddy Peralta,Brewers,22,109.1,29.00%,10.60%,0.289,30.70%,21.90%,47.40%,11.50%,89.6,5.27,4.31,1.4,1.31,0.223,4,15.00%,42.10%,42.90%,78.70%,,,18.60%,2.80%,,,91.3,86.9,0.06,,,0.58,-3.17,,,28.10%,46.00%,76.00%,45.20%,59.20%,11.00%,18679
Rafael Montero,Rangers,22,112.1,20.30%,12.30%,0.343,47.40%,19.80%,32.80%,13.00%,84.1,5.29,4.81,1.2,1.67,0.281,4.99,21.70%,54.00%,24.30%,55.10%,25.30%,,,19.60%,,,93.5,87.6,-0.81,0.29,,,-0.26,,,31.20%,44.60%,77.60%,40.80%,63.90%,9.90%,12760
Archie Bradley,Diamondbacks,35,178.2,20.70%,11.20%,0.335,47.60%,23.20%,29.20%,5.70%,90,5.34,4.33,2,1.6,0.273,4.56,16.70%,47.20%,36.20%,69.90%,,,23.70%,6.40%,,,92.4,85.7,-0.59,,,-0.11,-1.74,,,24.80%,42.30%,81.50%,44.50%,57.00%,7.80%,12918
Joe Kelly,Dodgers,31,156.2,19.40%,9.70%,0.332,46.00%,25.20%,28.80%,6.40%,89.8,5.34,4.19,1.1,1.56,0.28,4.35,19.10%,45.20%,35.70%,65.30%,14.40%,,9.60%,10.80%,,,95.4,85,-0.84,-1,,-1.69,-0.05,,,26.60%,41.50%,80.50%,43.10%,59.90%,8.10%,9761
Tyler Duffey,Twins,37,193,19.90%,6.20%,0.332,48.40%,21.70%,29.80%,9.90%,90.3,5.41,3.82,2.7,1.44,0.286,3.96,16.50%,51.70%,31.80%,55.60%,0.20%,,38.70%,5.50%,,,90.4,82.5,-1,-3.5,,-0.19,-1.59,,,32.80%,46.70%,81.10%,43.80%,63.60%,8.80%,13758
Nick Pivetta,Phillies,71,365,24.40%,8.40%,0.324,44.50%,20.60%,34.90%,8.90%,89,5.42,3.97,4.1,1.42,0.268,4.08,17.50%,47.10%,35.40%,60.20%,15.90%,,21.00%,2.80%,,,94.5,86.9,-0.75,0.15,,0.27,-1.94,,,30.00%,46.60%,78.00%,46.40%,61.50%,10.20%,15454
Adam Morgan,Phillies,36,194,16.60%,5.20%,0.309,34.20%,23.10%,42.70%,10.20%,89.2,5.43,4.72,1.2,1.39,0.286,4.56,17.60%,49.20%,33.10%,52.40%,24.40%,,4.80%,18.50%,,,90,78.4,-1.65,-0.27,,1.01,-0.1,,,32.70%,49.10%,79.00%,44.10%,63.10%,10.30%,12580
Antonio Senzatela,Rockies,58,308.2,15.40%,8.80%,0.309,49.70%,22.80%,27.50%,6.90%,88.9,5.45,4.72,2.7,1.51,0.281,5.07,18.10%,47.00%,34.90%,66.30%,19.60%,,7.30%,5.70%,1.10%,,93.8,86,-0.34,-1.08,,-0.03,-0.99,-6.7,,24.80%,44.00%,83.10%,45.40%,59.50%,7.40%,15488
Yusei Kikuchi,Mariners,32,161.2,16.10%,6.90%,0.31,44.00%,20.60%,35.40%,12.00%,89.2,5.46,5.18,0.2,1.52,0.293,5.17,18.00%,44.30%,37.70%,49.10%,27.90%,,15.70%,,7.40%,,92.5,,-1.35,-0.95,,-1.38,,0.05,,28.20%,47.60%,81.50%,46.30%,59.20%,8.80%,20633
Erick Fedde,Nationals,26,126,16.50%,9.90%,0.328,52.70%,21.90%,25.40%,5.00%,89.5,5.5,4.57,0.1,1.62,0.299,4.99,18.90%,45.50%,35.60%,55.60%,14.20%,15.50%,4.60%,10.10%,,,92.9,86.7,-0.69,-0.95,-0.26,-1.5,-2.43,,,27.20%,41.70%,82.10%,39.00%,59.30%,7.50%,17425
Homer Bailey,Twins,77,395,18.10%,7.80%,0.328,44.20%,24.10%,31.70%,9.20%,89.5,5.56,4.58,3.9,1.53,0.288,4.75,15.40%,45.90%,38.70%,53.70%,16.80%,0.80%,7.90%,,20.80%,,93.1,,-0.89,-0.42,-9.44,-1.52,,0.11,,31.90%,48.40%,79.80%,44.20%,62.10%,9.80%,8362
Dillon Peters,Angels,23,111.2,16.70%,10.80%,0.306,46.10%,21.60%,32.30%,8.70%,90.7,5.64,5.27,-0.3,1.61,0.28,5.36,16.60%,44.90%,38.50%,50.70%,1.80%,,30.30%,17.20%,,,91,83.9,-1.6,-5.95,,-0.42,-0.19,,,29.30%,45.10%,80.10%,42.70%,62.20%,9.00%,18790
David Hess,Orioles,33,168,17.10%,8.20%,0.27,34.10%,19.60%,46.30%,10.70%,89.8,5.79,5.57,-0.5,1.45,0.268,5.16,15.90%,46.90%,37.10%,59.00%,24.80%,,6.50%,9.80%,,,92.3,84.3,-1.55,-0.31,,-1.36,-1.5,,,28.70%,47.70%,82.00%,43.40%,61.20%,8.60%,16130
Ross Detwiler,White Sox,26,129,13.90%,8.60%,0.312,42.70%,19.60%,37.70%,7.30%,90,5.79,5.47,-0.1,1.6,0.297,5.37,16.20%,51.20%,32.60%,61.00%,,8.40%,15.50%,15.20%,,,91.4,84.6,-0.44,,-3.25,-1.06,-2.87,,,29.10%,46.30%,85.50%,43.10%,57.20%,6.70%,2859
Jeff Hoffman,Rockies,38,191,18.80%,9.60%,0.3,41.20%,19.80%,39.00%,6.90%,89.2,5.8,5.14,0.5,1.53,0.275,5.02,17.40%,46.00%,36.60%,62.20%,6.70%,,21.60%,9.60%,,,94.1,85.5,-1.31,-1.12,,0.59,-2.6,,,27.40%,45.60%,82.00%,45.90%,59.30%,8.20%,17432
Joe Biagini,Astros,22,106.2,17.30%,8.10%,0.325,54.40%,18.20%,27.40%,7.30%,87.8,6.08,4.34,1.1,1.55,0.286,4.55,17.70%,50.10%,32.20%,52.60%,11.30%,,21.00%,15.20%,,,93.3,85.8,-1.18,-3.33,,0.42,0.68,,,29.30%,46.00%,82.10%,45.50%,64.00%,8.20%,13194
Glenn Sparkman,Royals,26,131.1,13.70%,6.70%,0.298,37.60%,22.50%,40.00%,4.90%,90.6,6.1,5.73,-0.2,1.49,0.291,5.53,12.40%,45.80%,41.80%,59.70%,9.80%,,16.90%,13.60%,,,93.3,85.8,-0.36,-2.62,,-3.49,-0.64,,,28.10%,47.40%,83.80%,44.00%,62.60%,7.70%,15200
Asher Wojciechowski,Orioles,27,129,21.70%,7.00%,0.323,28.30%,20.50%,51.30%,15.80%,88.5,6.35,5.43,1,1.49,0.284,4.68,17.60%,46.80%,35.60%,56.10%,24.70%,13.00%,,6.20%,,,91.7,83.9,-1.37,-1.07,0.27,,-5.26,,,32.30%,48.60%,77.80%,43.70%,58.90%,10.80%,10836
Ariel Jurado,Mets,26,134,13.70%,7.20%,0.321,47.60%,22.20%,30.20%,11.40%,90.2,6.38,5.01,1.1,1.56,0.301,5.22,12.20%,44.40%,43.50%,65.50%,14.60%,,8.10%,11.80%,,,92.1,85.1,-1.3,-2.94,,1.4,0.49,,,27.20%,45.60%,86.10%,44.20%,62.20%,6.40%,17030
Jorge Lopez,Orioles,27,130.1,17.90%,7.80%,0.322,44.20%,22.00%,33.90%,2.10%,89.6,6.42,4.95,0,1.52,0.292,4.87,13.30%,46.90%,39.80%,55.00%,8.20%,,27.60%,9.30%,,,93.7,87.5,-1.1,-0.85,,-0.55,-1.89,,,28.90%,43.60%,81.10%,42.70%,58.20%,8.20%,14527
Dylan Covey,Red Sox,45,217.1,15.70%,10.20%,0.307,49.20%,20.80%,29.90%,4.20%,89.7,6.75,4.93,0.3,1.61,0.284,5.19,16.70%,48.50%,34.90%,58.30%,12.80%,8.30%,7.60%,,13.00%,,93.7,,-0.65,-2.48,-1.63,-2.01,,-0.18,,25.80%,44.00%,84.20%,45.90%,59.10%,7.00%,14825
